agency_code,sheet,owner
MiscAgenciesFECG,MiscAgenciesFECG,
SBA,SBAFECG Mark,Mark
CIA,CIAFECG Matt,Matt
USPS,USPSFECG Mitchell,Mitchell
USAID,USAIDFECG Mark,Mark
WhiteHouse,WhiteHouseFECG Matt,Matt
VA,VAFECG Mark,Mark
GlobaMedia,GlobaMediaFECG Matt,Matt
TVA,TVAFECG Mark,Mark
SSA,SSAFECG Matt,Matt
Treasury,TreasuryFECG Mark,Mark
SEC,SECFECG Matt,Matt
QuasiOfficial,QuasiOfficialFECG Mark,Mark
NationalParks,NationalParksFECG Matt,Matt
FCC,FCCFECG Mark,Mark
FTC,FTCFECG Matt,Matt
NASA,NASAFECG Mark,Mark
NationalArchives,NationalArchivesFECG Matt,Matt
Legislative,LegislativeFECG  Mark,Mark
FDIC,FDICFECG Matt,Matt
Judiciary,JudiciaryFECG Mark,Mark
GSA,GSAFEC Matt,Matt
HomelandSecurity,HomelandSecurityFECG Mark,Mark
FED,FEDFECG Matt,Matt
FederalFinanceHousing,FederalFinanceHousingFECG Mark,Mark
EPA,EPAFECG Matt,Matt
DOTransportation,DOTransportationFECG Mark,Mark
DOState,DOStateFECG Matt,Matt
DOLabor,DOLaborFECG Mark,Mark
DOJustice,DOJusticeFECG Matt,Matt
DOInterior,DOInteriorFECG Mark,Mark
DOHUDevelopment,DOHUDevelopmentFECG Matt,Matt
DOHHServices,DOHHServicesFECG Mark,Mark
DOEnergy,DOEnergyFECG Matt,Matt
DOEducation,DOEducationFECG Mark,Mark
DODefense,DODefenseFECG Matt,Matt
DeptofAgriculture Mark,DeptofAgriculture Mark,
DOCommerce,DOCommerceFECG Matt,Matt
